Customer_ID,Age,Monthly_Spend,Session_Duration (minutes),Product_Reviews,Loyalty_Score,Customer_Segment,Preferred_Payment_Method
AB61O206,18,500,34,49,41,Regular,Credit Card
AB81U714,18.04704705,90,44,49,13,VIP,Bank Transfer
AB92W430,18.09409409,528,31,43,55,Regular,PayPal
AB84X472,18.14114114,101,38,36,14,Regular,Bank Transfer
AB33C761,18.18818819,92,4,48,18,Regular,PayPal
AB62B443,18.23523524,512,2,,48,Regular,PayPal
AB39F485,18.28228228,102,29,47,18,Regular,Crypto
AB73U260,18.32932933,523,11,44,61,Regular,Bank Transfer
AB85V352,18.37637638,117,5,47,7,Regular,Credit Card
AB98Q574,18.42342342,478,4,45,44,Regular,Credit Card
AB68J575,18.47047047,113,9,36,11,Regular,Crypto
AB69P882,18.51751752,75,25,40,6,Wholesale,Cash on Delivery
AB71O662,18.56456456,127,30,49,21,Regular,Cash on Delivery
AB64T931,18.61161161,517,7,39,47,VIP,PayPal
AB12E918,18.65865866,509,30,43,52,VIP,Credit Card
AB16U940,18.70570571,88,4,22,4,Regular,Credit Card
AB48R487,18.75275275,131,18,46,13,Wholesale,Bank Transfer
AB98N341,18.7997998,570,4,37,67,VIP,Credit Card
AB18U997,18.84684685,458,26,36,54,Regular,Credit Card
AB18U997,18.84684685,458,26,36,54,Regular,Credit Card
AB93O554,18.89389389,95,37,47,11,Regular,Bank Transfer
AB53H134,18.94094094,578,31,26,60,Regular,Credit Card
AB87Q661,18.98798799,105,28,43,12,Regular,Crypto
AB13B489,19.03503504,531,6,38,51,Regular,PayPal
AB63J871,19.08208208,465,5,0,56,VIP,Credit Card
AB63R829,19.12912913,111,19,47,17,VIP,Credit Card
AB53B301,19.17617618,130,16,41,14,Regular,Credit Card
AB71D369,19.22322322,479,21,46,46,VIP,PayPal
AB57O555,19.27027027,127,5,43,11,VIP,Credit Card
AB87W351,19.31731732,89,34,45,10,Regular,Credit Card
AB71H824,19.36436436,121,17,39,11,Regular,Cash on Delivery
AB89M437,19.41141141,434,4,43,49,Regular,Credit Card
AB62X316,19.45845846,107,15,49,13,VIP,Credit Card
AB69M140,19.50550551,459,37,,41,VIP,Credit Card
AB38O912,19.55255255,466,5,44,40,Regular,Credit Card
AB74Y938,19.5995996,113,16,45,16,Regular,Cash on Delivery
AB18X228,19.64664665,586,35,49,52,VIP,Credit Card
AB17X162,19.69369369,106,3,47,8,VIP,Credit Card
AB20S692,19.74074074,503,6,47,48,Regular,Bank Transfer
AB17C518,19.78778779,541,4,22,47,Regular,PayPal
AB42E589,19.83483483,560,5,44,57,VIP,Credit Card
AB50G300,19.88188188,437,39,49,43,Regular,Bank Transfer
AB81L132,19.92892893,550,15,48,51,Regular,Crypto
AB57W506,19.97597598,102,14,49,20,VIP,Credit Card
AB71X904,20.02302302,129,36,41,0,Regular,PayPal
AB53H825,20.07007007,72,17,47,2,VIP,Bank Transfer
AB44A838,20.11711712,482,28,43,45,Regular,Credit Card
AB10E317,20.21121121,371,9,33,48,Regular,Cash on Delivery
AB56N742,20.16416416,508,14,45,44,Regular,Crypto
AB10E317,20.21121121,371,9,33,48,Regular,Cash on Delivery
AB23G894,20.25825826,465,31,46,57,Regular,PayPal
AB18O114,20.30530531,553,12,43,51,Regular,Credit Card
AB51M790,20.35235235,72,19,37,13,Regular,Credit Card
AB72G340,20.3993994,84,13,44,11,Regular,PayPal
AB61D833,20.44644645,84,30,34,16,Wholesale,Credit Card
AB32G848,20.49349349,539,4,39,53,Regular,Cash on Delivery
AB24K640,20.54054054,95,27,44,11,Regular,Credit Card
AB24K640,20.54054054,95,27,44,11,Regular,Credit Card
AB45M259,20.58758759,563,5,42,63,Regular,Credit Card
AB80S185,20.63463463,466,24,15,52,Regular,Crypto
AB37B781,20.68168168,542,42,39,54,Regular,PayPal
AB54Y745,20.72872873,118,22,26,7,Regular,Credit Card
AB37L655,20.77577578,137,15,0,9,VIP,Credit Card
AB93K739,20.82282282,121,14,43,2,Regular,PayPal
AB98G289,20.86986987,102,28,26,14,Regular,Bank Transfer
AB10Y382,20.91691692,85,26,46,9,Regular,PayPal
AB71Y727,20.96396396,522,6,15,53,Regular,Credit Card
AB86I358,21.01101101,98,5,48,9,Regular,Credit Card
AB79H510,21.05805806,87,30,26,2,VIP,Bank Transfer
AB18E324,21.10510511,463,16,44,47,Regular,Bank Transfer
AB60J783,21.15215215,590,5,49,62,Regular,Credit Card
AB33O926,21.1991992,121,12,28,7,Regular,Crypto
AB41X332,21.24624625,474,32,47,47,Wholesale,Credit Card
AB61Q929,21.29329329,95,11,49,6,Regular,PayPal
AB67T367,21.34034034,500,15,48,48,Regular,Bank Transfer
AB48B486,21.38738739,147,24,39,9,Regular,Credit Card
AB65Q798,21.43443443,99,5,11,8,VIP,PayPal
AB11B319,21.48148148,113,23,48,19,Regular,Credit Card
AB11B319,21.48148148,113,23,48,19,Regular,Credit Card
AB63W835,21.52852853,94,30,43,6,Regular,Credit Card
AB10S737,21.57557558,489,24,48,45,VIP,PayPal
AB11U783,21.62262262,101,25,36,7,Regular,Credit Card
AB41F515,21.66966967,539,17,48,52,Regular,PayPal
AB77W302,21.71671672,502,14,,59,Regular,Credit Card
AB65Q866,21.76376376,113,6,47,18,VIP,PayPal
AB47X936,21.81081081,525,35,41,51,Regular,Credit Card
AB79V610,21.85785786,102,35,29,6,Regular,Crypto
AB25A300,21.9049049,434,24,42,34,Wholesale,PayPal
AB68F563,21.95195195,105,1,,5,Regular,Cash on Delivery
AB12T863,21.998999,583,7,41,48,Regular,Bank Transfer
AB68D502,22.04604605,90,4,34,12,VIP,Credit Card
AB76S247,22.09309309,537,19,,60,Regular,Credit Card
AB80T588,22.14014014,112,15,49,9,Regular,PayPal
AB42H739,22.18718719,458,28,47,47,Regular,PayPal
AB48R971,22.23423423,473,20,36,41,Regular,Credit Card
AB10K572,22.28128128,424,6,41,32,VIP,Credit Card
AB59W514,22.32832833,117,3,42,11,Regular,PayPal
AB51C362,22.37537538,97,1,,11,Regular,Bank Transfer
AB25P671,22.42242242,527,8,,61,VIP,Bank Transfer
AB11A403,22.46946947,400,5,16,50,Regular,Credit Card
AB21E136,22.51651652,507,24,47,49,Regular,Credit Card
AB41W108,22.56356356,92,29,26,13,Regular,Credit Card
AB41W108,22.56356356,92,29,26,13,Regular,Credit Card
AB28P307,22.61061061,571,5,41,58,Regular,Credit Card
AB12T251,22.65765766,539,29,48,53,Regular,Crypto
AB63X772,22.7047047,570,14,43,56,Regular,Crypto
AB33T686,22.75175175,92,8,20,8,Regular,Credit Card
AB81D521,22.7987988,455,7,44,44,Regular,Credit Card
AB93C211,22.84584585,86,0,30,16,Regular,Credit Card
AB98C252,22.89289289,113,18,47,12,Regular,Bank Transfer
AB27N437,22.93993994,93,2,41,18,Regular,Credit Card
AB75V262,22.98698699,91,15,31,4,Regular,Credit Card
AB89I260,23.03403403,109,16,24,-3,Regular,Crypto
AB77A497,23.08108108,91,29,43,6,Regular,Crypto
AB30P603,23.12812813,548,11,,50,Regular,Bank Transfer
AB17G294,23.17517518,493,4,49,41,Regular,Credit Card
AB26A787,23.22222222,457,16,47,52,Regular,PayPal
AB85S569,23.26926927,120,8,46,5,Regular,Credit Card
AB31N769,23.31631632,548,14,49,57,Regular,Bank Transfer
AB47F464,23.36336336,133,31,46,23,Wholesale,Crypto
AB60V875,23.41041041,424,15,46,36,VIP,Bank Transfer
AB36B376,23.45745746,482,35,15,47,Regular,Credit Card
AB39A383,23.5045045,520,25,38,58,Regular,Crypto
AB73A552,23.55155155,132,7,44,11,Regular,Credit Card
AB70P758,23.5985986,114,19,0,13,VIP,Credit Card
AB13C291,23.64564565,515,32,48,54,VIP,Credit Card
AB58Q271,23.69269269,523,24,43,53,Regular,PayPal
AB39N472,23.73973974,117,17,39,9,VIP,Credit Card
AB15C991,23.78678679,130,14,49,9,Regular,Bank Transfer
AB46X448,23.83383383,100,13,37,4,Regular,Crypto
AB55U706,23.88088088,91,2,48,12,VIP,Credit Card
AB69A215,23.92792793,530,31,48,49,Regular,PayPal
AB72U260,23.97497497,87,16,48,14,VIP,Credit Card
AB76R892,24.02202202,79,15,23,15,Regular,Credit Card
AB63C971,24.06906907,82,27,38,2,Regular,PayPal
AB55X725,24.11611612,512,4,39,54,Regular,Bank Transfer
AB41O953,24.16316316,548,6,41,65,Regular,Credit Card
AB32B738,24.21021021,84,7,46,4,Regular,Bank Transfer
AB36J485,24.25725726,110,14,40,17,Regular,Crypto
AB26H492,24.3043043,105,30,44,13,Regular,Credit Card
AB52V275,24.35135135,53,26,0,10,Regular,PayPal
AB48J858,24.3983984,92,31,38,5,VIP,Crypto
AB35C917,24.44544545,75,31,48,17,Regular,Credit Card
AB34X624,24.49249249,433,33,47,39,Regular,Bank Transfer
AB69G924,24.53953954,87,39,32,11,Regular,Crypto
AB45M119,24.58658659,84,5,39,8,Regular,Credit Card
AB74H611,24.63363363,452,7,0,47,Regular,Cash on Delivery
AB25N982,24.68068068,476,5,44,42,Regular,Credit Card
AB96O191,24.72772773,105,5,44,4,Regular,Bank Transfer
AB75W953,24.77477477,463,5,38,47,Regular,Credit Card
AB60Y797,24.82182182,75,17,0,5,Regular,Crypto
AB72V413,24.86886887,500,5,42,47,Wholesale,Credit Card
AB67V404,24.91591592,138,2,15,16,Regular,Crypto
AB61J937,24.96296296,127,28,18,5,VIP,Credit Card
AB24V543,25.01001001,88,13,,14,Regular,Credit Card
AB17U671,25.05705706,102,32,32,10,Regular,Credit Card
AB14G295,25.1041041,99,4,42,13,Regular,Bank Transfer
AB15M983,25.15115115,525,16,42,55,Wholesale,Credit Card
AB56C922,25.1981982,496,31,49,52,Regular,PayPal
AB49T755,25.24524525,472,5,41,41,Regular,Bank Transfer
AB22R735,25.29229229,576,27,26,63,Regular,Bank Transfer
AB39S756,25.33933934,491,8,34,50,Regular,Credit Card
AB72S703,25.38638639,110,5,34,8,Wholesale,Bank Transfer
AB67W445,25.43343343,512,3,48,50,VIP,Credit Card
AB71W226,25.48048048,535,4,45,55,VIP,Crypto
AB18L740,25.52752753,110,22,47,11,Regular,Crypto
AB67A850,25.57457457,454,21,46,48,VIP,Credit Card
AB43V659,25.62162162,450,9,41,53,Regular,Credit Card
AB98H336,25.66866867,476,20,45,42,Regular,Credit Card
AB10P288,25.71571572,102,9,41,13,VIP,Credit Card
AB73E889,25.76276276,461,14,44,45,Regular,Bank Transfer
AB76L253,25.80980981,490,16,46,54,Regular,Credit Card
AB25S185,25.85685686,475,24,48,55,Regular,Bank Transfer
AB66N319,25.9039039,477,4,27,48,Regular,Credit Card
AB78O193,25.95095095,490,4,49,52,Regular,Cash on Delivery
AB71T552,25.997998,453,27,49,51,Regular,Crypto
AB85P317,26.04504505,523,30,0,57,VIP,Bank Transfer
AB57U650,26.09209209,93,26,-7,15,VIP,Credit Card
AB42E122,26.13913914,78,26,37,6,Wholesale,PayPal
AB19V936,26.18618619,457,29,49,43,Regular,Credit Card
AB43T322,26.23323323,121,4,47,6,VIP,Credit Card
AB19S541,26.28028028,111,10,14,10,VIP,PayPal
AB10X424,26.32732733,491,4,33,48,Regular,Crypto
AB13P891,26.37437437,118,16,41,11,Regular,Credit Card
AB89W357,26.42142142,49,33,,7,Regular,PayPal
AB41T763,26.46846847,501,4,49,52,Regular,PayPal
AB21R774,26.51551552,570,5,49,56,Regular,Credit Card
AB42A790,26.56256256,456,16,40,47,Regular,PayPal
AB52E367,26.60960961,465,3,49,50,Regular,Crypto
AB76A516,26.65665666,504,35,0,46,Regular,Credit Card
AB49J142,26.7037037,499,14,47,54,Regular,Crypto
AB53M111,26.75075075,592,3,37,56,VIP,PayPal
AB55B352,26.7977978,573,24,48,64,VIP,Bank Transfer
AB44W948,26.84484484,463,30,42,47,Regular,Credit Card
AB17J701,26.89189189,141,30,49,14,Regular,Bank Transfer
AB43S716,26.93893894,507,5,35,41,Regular,Credit Card
AB16D925,26.98598599,457,3,41,48,Regular,Credit Card
AB84X519,27.03303303,439,4,49,44,Regular,Credit Card
AB98U860,27.08008008,106,4,31,11,VIP,Bank Transfer
AB45J968,27.12712713,443,13,42,43,Regular,Crypto
AB82X291,27.17417417,564,12,24,59,VIP,Credit Card
AB58C647,27.22122122,477,6,,51,VIP,Credit Card
AB91Q195,27.26826827,399,3,24,42,Regular,Credit Card
AB33W289,27.31531532,66,14,49,13,Regular,Credit Card
AB46L468,27.36236236,551,28,48,51,Regular,PayPal
AB64M378,27.40940941,502,1,6,47,Regular,PayPal
AB98C972,27.45645646,97,12,43,11,Regular,Bank Transfer
AB39Q980,27.5035035,476,31,47,50,Wholesale,Cash on Delivery
AB71T979,27.55055055,536,3,35,56,VIP,PayPal
AB98V496,27.5975976,548,25,46,48,Wholesale,Credit Card
AB68S276,27.64464464,111,12,37,5,Regular,Credit Card
AB21I175,27.69169169,453,34,31,44,Regular,PayPal
AB18G895,27.73873874,422,28,,33,Regular,Credit Card
AB87T950,27.78578579,89,3,46,10,Regular,PayPal
AB25U168,27.83283283,485,14,44,48,Regular,Cash on Delivery
AB21Y990,27.87987988,103,5,44,5,Regular,Bank Transfer
AB94D664,27.92692693,83,12,43,5,Regular,Credit Card
AB32P668,27.97397397,507,19,48,51,Wholesale,Credit Card
AB48M792,28.02102102,98,3,43,2,Wholesale,Bank Transfer
AB51G497,28.06806807,505,17,42,47,Regular,Bank Transfer
AB14C314,28.11511512,73,28,42,5,VIP,Credit Card
AB84R850,28.16216216,103,31,,8,Regular,Crypto
AB85I173,28.20920921,456,24,42,44,Regular,PayPal
AB67L352,28.25625626,115,2,47,18,VIP,Credit Card
AB16N752,28.3033033,85,36,39,13,Regular,Credit Card
AB49J492,28.35035035,445,14,34,41,VIP,Bank Transfer
AB59B616,28.3973974,533,24,46,48,Regular,PayPal
AB38E521,28.44444444,141,17,39,12,VIP,Credit Card
AB92H595,28.49149149,409,8,48,47,Wholesale,Crypto
AB74V599,28.53853854,98,31,45,0,Regular,Crypto
AB26G316,28.58558559,106,19,26,11,Regular,Bank Transfer
AB54D903,28.63263263,100,7,25,8,Regular,Credit Card
AB79S544,28.67967968,54,24,41,11,Regular,Cash on Delivery
AB63G190,28.72672673,78,4,,12,Regular,Credit Card
AB83S138,28.77377377,105,16,30,3,VIP,PayPal
AB76M752,28.82082082,100,6,18,15,Regular,PayPal
AB67T575,28.86786787,487,10,43,37,Wholesale,Credit Card
AB81I100,28.91491491,516,34,41,54,VIP,Credit Card
AB12M447,28.96196196,497,34,44,53,Regular,Bank Transfer
AB71Y290,29.00900901,126,33,49,21,Regular,PayPal
AB34X216,29.05605606,112,14,44,12,Regular,Credit Card
AB15L784,29.1031031,123,19,34,8,Regular,Credit Card
AB41M928,29.15015015,129,4,33,7,Regular,Credit Card
AB56U179,29.1971972,96,12,27,16,Regular,Credit Card
AB94K863,29.24424424,490,12,49,57,Regular,Cash on Delivery
AB45C758,29.29129129,535,24,42,51,Regular,Crypto
AB29Y501,29.33833834,92,16,48,9,VIP,Cash on Delivery
AB56I404,29.38538539,459,14,47,52,VIP,Credit Card
AB23O514,29.43243243,466,8,26,50,Regular,PayPal
AB10U665,29.47947948,97,6,43,8,Regular,Credit Card
AB12P570,29.52652653,572,33,0,53,VIP,Crypto
AB66K111,29.57357357,72,12,49,2,Wholesale,Credit Card
AB83P457,29.62062062,84,5,44,13,Regular,Credit Card
AB85X767,29.66766767,452,24,38,43,Regular,PayPal
AB17D189,29.71471471,542,31,48,52,Regular,Credit Card
AB17R639,29.76176176,437,24,46,46,Regular,PayPal
AB50D803,29.80880881,49,5,49,5,Regular,PayPal
AB36V244,29.85585586,583,14,39,60,Regular,Crypto
AB82A823,29.9029029,122,30,14,10,Regular,Cash on Delivery
AB86P657,29.94994995,514,2,32,49,Regular,Credit Card
AB44F693,29.996997,483,10,,44,Regular,Credit Card
AB78O549,30.04404404,150,6,31,18,Regular,Bank Transfer
AB19X897,30.09109109,550,35,30,55,VIP,PayPal
AB14W900,30.13813814,477,16,41,49,Regular,Credit Card
AB74R323,30.18518519,508,13,42,45,Wholesale,Bank Transfer
AB58K952,30.23223223,87,21,44,12,Regular,Credit Card
AB35Y953,30.27927928,121,7,32,13,Regular,Credit Card
AB68Q560,30.32632633,545,6,47,58,Regular,Credit Card
AB42B204,30.37337337,501,29,49,51,Regular,Credit Card
AB10U922,30.42042042,548,31,20,56,Regular,Credit Card
AB15Q808,30.46746747,501,20,49,40,Regular,Credit Card
AB14F870,30.51451451,557,15,12,61,VIP,Credit Card
AB62W664,30.56156156,107,23,36,4,VIP,Credit Card
AB46J557,30.60860861,97,4,46,14,Regular,Credit Card
AB92Q184,30.65565566,479,4,38,47,VIP,PayPal
AB87I977,30.7027027,560,15,32,47,Regular,Credit Card
AB10S784,30.74974975,453,2,47,44,Regular,Credit Card
AB86D545,30.7967968,542,18,35,46,Regular,Credit Card
AB74Q587,30.84384384,127,6,33,18,Regular,Credit Card
AB41B447,30.89089089,102,29,47,7,Regular,Credit Card
AB81G253,30.93793794,502,3,0,44,Regular,Credit Card
AB43V217,30.98498498,94,34,47,12,Regular,PayPal
AB12R367,31.03203203,508,12,47,50,Regular,PayPal
AB74V335,31.07907908,89,27,49,11,Regular,Bank Transfer
AB14Y500,31.12612613,434,18,37,42,Regular,PayPal
AB56W306,31.17317317,102,4,45,15,Regular,Credit Card
AB94N677,31.22022022,54,36,28,3,Regular,Credit Card
AB84S202,31.26726727,130,39,47,5,VIP,Crypto
AB47B905,31.31431431,500,7,43,44,Regular,Credit Card
AB59B949,31.36136136,96,31,39,11,Regular,Credit Card
AB39O958,31.40840841,82,7,29,4,Regular,Credit Card
AB60B407,31.45545546,87,12,,15,VIP,PayPal
AB47A434,31.5025025,53,9,45,0,Regular,Bank Transfer
AB39W205,31.54954955,83,25,29,13,Regular,Bank Transfer
AB60Q232,31.5965966,535,22,46,51,Regular,Credit Card
AB38D237,31.64364364,457,17,49,52,Wholesale,Credit Card
AB65Q429,31.69069069,113,10,44,13,Regular,Bank Transfer
AB26T168,31.73773774,541,8,,55,Regular,PayPal
AB43F152,31.78478478,421,35,49,45,Regular,Credit Card
AB75M225,31.83183183,189,2,41,25,Regular,Crypto
AB52P982,31.87887888,138,18,40,13,Regular,PayPal
AB32W947,31.92592593,99,13,23,0,VIP,Cash on Delivery
AB84V619,31.97297297,62,4,46,12,Regular,PayPal
AB13H795,32.02002002,490,6,,47,Regular,Credit Card
AB34C963,32.06706707,53,13,44,18,Regular,PayPal
AB76R160,32.11411411,80,27,45,4,Regular,Bank Transfer
AB60S888,32.16116116,82,16,36,6,Regular,PayPal
AB14R703,32.20820821,116,35,39,15,Regular,PayPal
AB51V504,32.25525526,53,4,35,9,Regular,Cash on Delivery
AB79A744,32.3023023,42,31,32,6,Regular,PayPal
AB21N645,32.34934935,136,8,24,10,Regular,Credit Card
AB58N829,32.3963964,522,14,44,46,VIP,PayPal
AB54I893,32.44344344,72,5,8,3,Regular,PayPal
AB56Y313,32.49049049,429,7,47,35,VIP,Credit Card
AB65K930,32.53753754,122,6,37,22,Regular,Credit Card
AB57Q125,32.58458458,112,12,42,6,Regular,Crypto
AB45A107,32.63163163,83,32,33,6,Regular,Credit Card
AB61O402,32.67867868,573,17,43,60,Regular,Crypto
AB65V625,32.72572573,556,11,34,55,Regular,Credit Card
AB37W177,32.77277277,84,14,23,5,VIP,Cash on Delivery
AB97B464,32.81981982,478,15,36,47,Wholesale,Credit Card
AB35N798,32.86686687,525,1,35,49,Regular,Credit Card
AB65S106,32.91391391,529,18,49,51,VIP,Credit Card
AB12O849,32.96096096,50,5,47,6,Regular,PayPal
AB27F838,33.00800801,101,28,13,4,Wholesale,Credit Card
AB24Y730,33.05505506,540,4,38,59,Regular,Credit Card
AB37J138,33.1021021,529,16,41,53,VIP,PayPal
AB66Q330,33.14914915,525,35,45,49,Regular,Credit Card
AB95L636,33.1961962,477,31,49,46,VIP,PayPal
AB26M311,33.24324324,523,22,45,58,Regular,Crypto
AB34D493,33.29029029,543,27,43,58,Regular,Crypto
AB76I208,33.33733734,96,16,47,10,Regular,Credit Card
AB27O327,33.38438438,95,10,48,6,VIP,PayPal
AB95B722,33.43143143,96,6,42,12,Regular,Credit Card
AB17H468,33.47847848,482,14,41,48,Regular,Bank Transfer
AB92J524,33.52552553,570,28,47,65,Regular,Bank Transfer
AB15T381,33.57257257,456,34,41,45,VIP,Credit Card
AB73B542,33.61961962,520,18,26,60,Regular,Credit Card
AB65M840,33.66666667,453,16,43,46,Regular,Credit Card
AB42U761,33.71371371,69,35,30,1,Wholesale,Credit Card
AB30F681,33.76076076,559,36,23,72,Regular,PayPal
AB13K545,33.80780781,102,13,49,2,Regular,PayPal
AB71X922,33.85485485,104,5,48,0,Regular,Credit Card
AB18W998,33.9019019,85,23,,-1,VIP,PayPal
AB40H328,33.94894895,563,32,41,69,Regular,Bank Transfer
AB45X322,33.995996,447,19,44,55,Regular,PayPal
AB15B567,34.04304304,96,9,46,10,VIP,Credit Card
AB84D946,34.09009009,86,12,39,10,Regular,PayPal
AB15V980,34.13713714,442,4,49,45,VIP,PayPal
AB60Y293,34.18418418,68,5,,-2,Regular,Bank Transfer
AB88K491,34.23123123,73,4,,14,Regular,Credit Card
AB35S272,34.27827828,522,15,25,58,Regular,Credit Card
AB53E425,34.32532533,84,24,48,2,Regular,PayPal
AB35V935,34.37237237,542,38,47,55,Regular,PayPal
AB28T324,34.41941942,79,7,47,7,Regular,Crypto
AB29Q239,34.46646647,489,33,-5,47,Wholesale,Credit Card
AB56A189,34.51351351,91,6,49,5,Regular,PayPal
AB23F904,34.56056056,101,31,39,9,VIP,Credit Card
AB20D944,34.60760761,542,6,29,51,Regular,Credit Card
AB12A789,34.65465465,129,4,38,18,Regular,PayPal
AB19E749,34.7017017,49,5,45,4,VIP,Credit Card
AB53B112,34.74874875,519,24,18,48,Regular,Credit Card
AB49B695,34.7957958,111,4,27,10,VIP,Crypto
AB74E428,34.84284284,106,38,44,9,Regular,PayPal
AB26I649,34.88988989,89,3,41,7,Regular,Credit Card
AB44Q680,34.93693694,91,6,15,12,Regular,PayPal
AB71L433,34.98398398,100,3,9,8,Regular,Credit Card
AB84I687,35.03103103,517,26,44,48,Regular,Credit Card
AB44A395,35.07807808,507,39,31,43,VIP,Credit Card
AB73V671,35.12512513,447,10,46,44,Regular,Credit Card
AB73H878,35.17217217,457,20,45,51,Regular,Cash on Delivery
AB23C824,35.21921922,535,15,48,52,VIP,Credit Card
AB46E950,35.26626627,97,22,47,7,VIP,Crypto
AB87D700,35.31331331,499,33,39,46,Regular,Bank Transfer
AB51Y501,35.36036036,419,6,,33,Regular,Cash on Delivery
AB49H394,35.40740741,70,5,47,12,Regular,Credit Card
AB23S736,35.45445445,99,0,44,12,Regular,Bank Transfer
AB47A122,35.5015015,112,13,45,15,Regular,Cash on Delivery
AB72O764,35.54854855,557,1,6,56,Wholesale,Credit Card
AB26A602,35.5955956,99,6,30,5,Regular,Credit Card
AB75N920,35.64264264,443,18,45,42,Regular,Credit Card
AB60G297,35.68968969,576,19,25,55,VIP,PayPal
AB15C490,35.73673674,126,37,45,10,Regular,PayPal
AB60H653,35.78378378,462,32,38,44,VIP,Credit Card
AB73T114,35.83083083,494,15,15,54,Regular,Crypto
AB38A577,35.87787788,100,20,45,20,Regular,Credit Card
AB36D256,35.92492492,457,25,38,41,VIP,Bank Transfer
AB47Y196,35.97197197,560,5,46,55,Regular,Credit Card
AB36W388,36.01901902,118,17,46,12,VIP,PayPal
AB77V933,36.06606607,535,5,41,48,Regular,Credit Card
AB19E734,36.11311311,528,27,11,53,VIP,Credit Card
AB83A217,36.16016016,78,1,43,9,Regular,Crypto
AB47M258,36.20720721,501,16,,49,Regular,Credit Card
AB56D976,36.25425425,573,24,25,60,Regular,PayPal
AB97T795,36.3013013,549,7,47,54,Regular,Bank Transfer
AB24H360,36.34834835,442,3,44,29,Regular,Credit Card
AB38O423,36.3953954,84,31,,3,Regular,Bank Transfer
AB85M229,36.44244244,85,2,42,15,Regular,Credit Card
AB36S854,36.48948949,89,6,,11,Regular,Credit Card
AB45D893,36.53653654,563,16,0,42,VIP,Credit Card
AB52E759,36.58358358,457,32,36,38,Regular,Cash on Delivery
AB20J971,36.63063063,500,30,44,53,Regular,Credit Card
AB47F811,36.67767768,64,31,40,3,Regular,Bank Transfer
AB32O445,36.72472472,109,4,49,-2,Regular,Cash on Delivery
AB55K495,36.77177177,85,28,43,13,Wholesale,Credit Card
AB22H309,36.81881882,115,10,23,15,Regular,PayPal
AB98A722,36.86586587,94,10,27,5,Regular,Crypto
AB69K559,36.91291291,458,37,45,52,Regular,Credit Card
AB77E987,36.95995996,578,4,42,53,VIP,Credit Card
AB46H226,37.00700701,68,29,38,3,Regular,Credit Card
AB40I150,37.05405405,90,17,45,6,VIP,Crypto
AB38N395,37.1011011,563,29,49,46,Regular,Crypto
AB50V878,37.14814815,547,3,42,56,VIP,Credit Card
AB32A913,37.1951952,603,11,40,62,Regular,Credit Card
AB30N519,37.24224224,89,29,49,6,Wholesale,Bank Transfer
AB63W924,37.28928929,123,11,48,15,Regular,Credit Card
AB10V666,37.33633634,466,16,47,38,Regular,Crypto
AB49O760,37.38338338,123,10,45,15,VIP,Credit Card
AB56I408,37.43043043,106,14,42,12,Regular,Bank Transfer
AB18J535,37.47747748,101,6,46,6,Regular,Bank Transfer
AB66U765,37.52452452,98,34,46,11,Wholesale,Credit Card
AB50C674,37.57157157,474,6,29,42,Regular,Credit Card
AB34K905,37.61861862,431,11,48,48,Regular,Credit Card
AB11G309,37.66566567,555,24,43,58,Regular,Credit Card
AB43Q739,37.71271271,78,6,19,9,Regular,Credit Card
AB52L862,37.75975976,485,8,40,46,VIP,PayPal
AB60V763,37.80680681,496,2,37,53,Regular,Credit Card
AB34G279,37.85385385,105,30,44,16,Regular,Credit Card
AB79U955,37.9009009,523,12,49,60,Regular,Crypto
AB42Q384,37.94794795,110,14,39,8,Regular,PayPal
AB72K761,37.99499499,477,35,0,51,Wholesale,Credit Card
AB35R568,38.04204204,72,14,48,14,VIP,PayPal
AB58G948,38.08908909,576,38,43,56,Regular,Crypto
AB93I788,38.13613614,91,5,25,16,Regular,PayPal
AB29V441,38.18318318,442,26,0,44,Wholesale,Credit Card
AB72H660,38.23023023,466,22,43,41,Regular,Credit Card
AB80A835,38.27727728,82,3,43,4,Regular,Bank Transfer
AB22W534,38.32432432,115,31,33,4,Regular,Bank Transfer
AB65S417,38.37137137,507,30,32,50,Regular,PayPal
AB41Q528,38.41841842,438,24,35,42,VIP,Credit Card
AB39P523,38.46546547,404,4,45,41,Regular,PayPal
AB28R868,38.51251251,121,16,49,18,Wholesale,Bank Transfer
AB87S274,38.55955956,98,12,45,9,Regular,Credit Card
AB75V212,38.60660661,531,16,38,51,Regular,Credit Card
AB47S930,38.65365365,473,24,37,46,Wholesale,PayPal
AB13A363,38.7007007,117,4,16,2,VIP,Bank Transfer
AB38W970,38.74774775,553,40,43,58,VIP,Credit Card
AB12J557,38.79479479,107,28,39,9,Regular,PayPal
AB92N261,38.84184184,523,15,42,52,VIP,PayPal
AB96W575,38.88888889,501,15,48,49,Regular,PayPal
AB41R490,38.93593594,542,10,43,54,Regular,PayPal
AB17A412,38.98298298,98,29,42,3,Regular,PayPal
AB76X542,39.03003003,138,3,,13,Regular,Credit Card
AB81V860,39.07707708,486,35,45,45,VIP,Credit Card
AB76S708,39.12412412,427,17,10,42,Regular,PayPal
AB17B902,39.17117117,53,10,42,0,Regular,Credit Card
AB97N387,39.21821822,122,6,47,14,Regular,PayPal
AB55K551,39.26526527,93,4,47,9,Regular,PayPal
AB46V568,39.31231231,548,18,48,48,Regular,Credit Card
AB23W106,39.35935936,498,5,43,54,Regular,PayPal
AB83G772,39.40640641,130,9,49,10,Regular,PayPal
AB32U246,39.45345345,482,2,44,46,Regular,Credit Card
AB28D384,39.5005005,475,14,5,51,Wholesale,Credit Card
AB69R613,39.54754755,99,30,38,15,Regular,Bank Transfer
AB10O808,39.59459459,111,15,35,8,Regular,Credit Card
AB29K845,39.64164164,86,29,48,9,VIP,PayPal
AB11C570,39.68868869,454,31,43,48,Regular,Credit Card
AB21T360,39.73573574,75,10,46,13,Wholesale,Credit Card
AB46F355,39.78278278,544,6,27,54,Regular,Credit Card
AB18B152,39.82982983,128,4,47,15,VIP,Crypto
AB53C599,39.87687688,508,3,43,46,Regular,Credit Card
AB95L379,39.92392392,89,9,41,1,Regular,Credit Card
AB90J257,39.97097097,432,4,42,45,Regular,Crypto
AB68N826,40.01801802,509,14,32,46,Regular,Credit Card
AB90R214,40.06506507,501,9,47,45,VIP,Credit Card
AB90N620,40.11211211,102,33,45,13,Regular,Credit Card
AB49B336,40.15915916,570,6,34,56,Regular,Credit Card
AB34G300,40.20620621,446,24,42,45,Regular,PayPal
AB31K593,40.25325325,600,36,44,53,VIP,Credit Card
AB13M709,40.3003003,83,8,49,3,VIP,Credit Card
AB96E174,40.34734735,105,14,36,18,Regular,Bank Transfer
AB79R227,40.39439439,81,10,14,4,Regular,Bank Transfer
AB94J455,40.44144144,454,15,40,44,Regular,Bank Transfer
AB50F133,40.48848849,109,17,30,12,Regular,Bank Transfer
AB26E252,40.53553554,461,5,42,40,Regular,PayPal
AB85W728,40.58258258,454,5,47,52,Regular,PayPal
AB95U126,40.62962963,503,29,49,50,Wholesale,PayPal
AB66F830,40.67667668,496,15,39,48,VIP,Crypto
AB49B367,40.72372372,463,24,43,51,Regular,PayPal
AB62G784,40.77077077,520,5,34,56,Regular,Credit Card
AB26U575,40.81781782,592,30,38,69,Wholesale,Bank Transfer
AB71N675,40.86486486,507,30,,48,Regular,Crypto
AB11V462,40.91191191,532,4,42,64,Regular,Bank Transfer
AB74S792,40.95895896,70,16,44,10,Wholesale,Credit Card
AB45S893,41.00600601,404,28,46,48,Regular,Credit Card
AB38U878,41.05305305,516,29,43,56,Regular,Credit Card
AB49K611,41.1001001,535,8,29,50,Regular,PayPal
AB45Q286,41.14714715,479,40,49,43,Regular,Credit Card
AB48H326,41.19419419,478,4,11,38,Regular,Credit Card
AB63B154,41.24124124,555,4,0,45,Regular,Credit Card
AB33V505,41.28828829,113,18,40,8,Regular,Credit Card
AB78X388,41.33533534,117,8,,18,Wholesale,Crypto
AB45O247,41.38238238,95,35,47,7,Regular,Bank Transfer
AB92C343,41.42942943,555,3,46,52,Regular,Credit Card
AB90M581,41.47647648,122,4,0,15,Regular,PayPal
AB82B600,41.52352352,518,3,43,47,Regular,Credit Card
AB82I395,41.57057057,115,12,49,20,VIP,Credit Card
AB26A316,41.61761762,100,30,37,8,Regular,Crypto
AB70K715,41.66466466,422,14,45,46,Regular,Crypto
AB51Y138,41.71171171,453,16,47,44,Regular,Bank Transfer
AB44C597,41.75875876,97,15,42,9,Regular,Credit Card
AB53S577,41.80580581,481,17,13,53,Regular,Bank Transfer
AB21S712,41.85285285,64,4,38,7,Regular,Credit Card
AB53Q116,41.8998999,77,0,43,15,Regular,Credit Card
AB83Y922,41.94694695,537,27,34,49,Wholesale,Credit Card
AB56L417,41.99399399,107,19,36,4,VIP,Crypto
AB89X438,42.04104104,378,11,27,29,VIP,Credit Card
AB17U180,42.08808809,108,2,47,17,VIP,Credit Card
AB96E473,42.13513514,551,30,30,59,VIP,PayPal
AB89F299,42.18218218,84,27,46,7,Wholesale,Credit Card
AB34R188,42.22922923,507,17,21,52,Regular,Credit Card
AB21O670,42.27627628,514,4,0,56,Regular,Credit Card
AB35I976,42.32332332,476,4,23,46,VIP,Credit Card
AB35O387,42.37037037,432,14,16,34,Regular,PayPal
AB19P810,42.41741742,91,23,48,0,Regular,PayPal
AB26W893,42.46446446,573,5,13,51,Regular,Credit Card
AB94V349,42.51151151,474,26,49,47,Regular,Credit Card
AB16N434,42.55855856,563,5,47,51,Regular,Bank Transfer
AB16I982,42.60560561,501,15,44,55,Regular,PayPal
AB57H597,42.65265265,115,19,0,5,Regular,PayPal
AB68W576,42.6996997,562,4,43,52,VIP,Credit Card
AB91T501,42.74674675,484,26,42,39,VIP,Credit Card
AB68J714,42.79379379,127,14,,10,VIP,Cash on Delivery
AB26N258,42.84084084,436,5,15,43,VIP,PayPal
AB33C719,42.88788789,117,30,,17,Regular,Credit Card
AB69M197,42.93493493,439,31,0,44,Regular,Credit Card
AB12E270,42.98198198,501,15,46,53,Regular,Credit Card
AB49W463,43.02902903,459,19,48,50,Wholesale,Credit Card
AB48O987,43.07607608,110,12,39,12,Regular,Bank Transfer
AB13V496,43.12312312,525,24,48,48,VIP,Bank Transfer
AB91A115,43.17017017,530,15,47,55,Regular,Credit Card
AB51L993,43.21721722,113,24,28,18,Wholesale,Credit Card
AB75W838,43.26426426,111,7,46,9,Regular,Crypto
AB51B513,43.31131131,108,31,41,13,VIP,Credit Card
AB22M373,43.35835836,87,40,44,11,Regular,PayPal
AB41C990,43.40540541,93,10,49,7,Regular,PayPal
AB48N128,43.45245245,548,7,45,59,Regular,PayPal
AB71Q576,43.4994995,489,3,44,46,Wholesale,Crypto
AB71U847,43.54654655,472,19,27,49,Regular,Crypto
AB66P539,43.59359359,460,26,46,44,Wholesale,Cash on Delivery
AB19Y458,43.64064064,503,26,45,50,VIP,Credit Card
AB93E676,43.68768769,116,10,34,16,VIP,Bank Transfer
AB58C528,43.73473473,578,32,35,48,Regular,Credit Card
AB23X769,43.78178178,442,31,33,47,Regular,Credit Card
AB77R392,43.82882883,97,34,19,13,Regular,Credit Card
AB34P804,43.87587588,433,12,34,40,Wholesale,PayPal
AB62N684,43.92292292,454,30,,45,Wholesale,Credit Card
AB24Q988,43.96996997,61,4,32,1,VIP,Bank Transfer
AB97D239,44.01701702,104,31,42,6,Regular,PayPal
AB68E160,44.06406406,139,10,46,15,Regular,Credit Card
AB52F906,44.11111111,117,17,46,24,Wholesale,Crypto
AB65N443,44.15815816,456,6,47,48,Regular,Bank Transfer
AB20M325,44.20520521,127,22,48,8,VIP,PayPal
AB34G663,44.25225225,509,34,47,54,Regular,Credit Card
AB13H759,44.2992993,507,40,49,53,Regular,Bank Transfer
AB72V984,44.34634635,82,20,28,0,VIP,Crypto
AB83K325,44.39339339,138,13,23,12,Regular,Credit Card
AB66I852,44.44044044,474,26,41,46,Regular,Credit Card
AB12X873,44.48748749,95,19,31,10,Wholesale,Credit Card
AB14E153,44.53453453,443,5,47,44,Regular,Bank Transfer
AB56W788,44.58158158,451,7,26,45,VIP,Credit Card
AB18C119,44.62862863,538,10,42,49,VIP,Credit Card
AB70J518,44.67567568,84,32,,6,Regular,Bank Transfer
AB59R161,44.72272272,395,7,48,38,Regular,Credit Card
AB26X102,44.76976977,520,17,46,57,Regular,Bank Transfer
AB41C880,44.81681682,116,11,49,8,Regular,Credit Card
AB98I679,44.86386386,83,12,46,7,Regular,PayPal
AB23E709,44.91091091,496,20,49,47,VIP,Credit Card
AB20I422,44.95795796,500,4,47,57,Regular,Bank Transfer
AB38I294,45.00500501,502,38,0,53,Regular,Crypto
AB34B431,45.05205205,479,26,,43,Regular,Bank Transfer
AB51I562,45.0990991,471,32,47,49,Regular,PayPal
AB49Y360,45.14614615,114,17,47,6,Regular,Credit Card
AB20B223,45.19319319,138,2,38,15,VIP,Credit Card
AB88F427,45.24024024,507,5,30,57,Regular,Credit Card
AB14P701,45.28728729,130,6,45,3,Regular,PayPal
AB27F136,45.33433433,71,29,29,2,Regular,Bank Transfer
AB69P895,45.38138138,97,4,45,10,Regular,Credit Card
AB78M692,45.42842843,91,3,47,7,Regular,Crypto
AB49M323,45.47547548,489,25,46,49,Wholesale,Cash on Delivery
AB71S797,45.52252252,120,15,40,11,Regular,Credit Card
AB76X139,45.56956957,591,11,45,50,Regular,Bank Transfer
AB49M848,45.61661662,105,4,38,13,Regular,Credit Card
AB42F315,45.66366366,442,31,47,37,Regular,Crypto
AB28P267,45.71071071,466,17,37,47,Regular,Credit Card
AB68P780,45.75775776,127,27,45,10,Regular,Credit Card
AB22K656,45.8048048,90,26,43,21,Regular,Credit Card
AB98U269,45.85185185,82,3,41,7,Regular,Cash on Delivery
AB72F799,45.8988989,84,22,38,10,Regular,Bank Transfer
AB16E846,45.94594595,124,26,47,15,Regular,Credit Card
AB54Y130,45.99299299,90,12,31,10,Regular,Cash on Delivery
AB32J493,46.04004004,447,13,0,44,VIP,PayPal
AB41K536,46.08708709,480,15,47,43,Regular,Bank Transfer
AB39G181,46.13413413,450,15,13,44,VIP,Credit Card
AB11N688,46.18118118,79,18,39,-1,Regular,Credit Card
AB21G323,46.22822823,147,10,43,17,Regular,PayPal
AB22N766,46.27527528,109,19,48,25,Regular,Credit Card
AB26H322,46.32232232,103,4,42,11,VIP,Credit Card
AB69X464,46.36936937,471,23,48,48,Regular,Credit Card
AB44P425,46.41641642,103,26,44,2,Regular,Credit Card
AB92G685,46.46346346,503,16,,46,Regular,Credit Card
AB72O321,46.51051051,475,27,37,51,Regular,Cash on Delivery
AB46V295,46.55755756,545,35,47,47,Regular,Credit Card
AB29D341,46.6046046,129,19,32,9,Regular,Credit Card
AB77Q623,46.65165165,459,29,46,48,Regular,PayPal
AB31Q985,46.6986987,116,5,44,15,Regular,PayPal
AB74V573,46.74574575,404,12,35,39,Regular,Crypto
AB91R369,46.79279279,77,27,40,8,Regular,Crypto
AB73O384,46.83983984,114,3,46,12,Regular,Credit Card
AB85D862,46.88688689,86,4,45,2,Regular,Credit Card
AB61L106,46.93393393,84,6,46,8,Regular,Crypto
AB38K132,46.98098098,121,30,40,13,Regular,Bank Transfer
AB15O178,47.02802803,490,5,45,48,Regular,PayPal
AB41S558,47.07507508,102,18,37,0,Regular,Credit Card
AB67W637,47.12212212,492,17,41,56,Regular,Credit Card
AB55B384,47.16916917,106,12,48,5,Regular,Credit Card
AB13Q198,47.21621622,108,8,,11,Regular,Crypto
AB22I138,47.26326326,497,5,47,51,Regular,Credit Card
AB24W896,47.31031031,583,13,45,56,Regular,Credit Card
AB38K983,47.35735736,466,6,42,47,Regular,Credit Card
AB41B786,47.4044044,123,30,42,8,Wholesale,Credit Card
AB87T121,47.45145145,549,15,35,65,Regular,Credit Card
AB84C948,47.4984985,76,18,47,6,Regular,Credit Card
AB65U402,47.54554555,546,27,20,59,Regular,Crypto
AB89E183,47.59259259,490,31,0,43,Regular,Credit Card
AB15S552,47.63963964,484,16,46,52,Wholesale,PayPal
AB12A669,47.68668669,531,19,38,49,VIP,Credit Card
AB47O261,47.73373373,86,4,33,1,VIP,Credit Card
AB70C931,47.78078078,500,5,45,44,Wholesale,PayPal
AB34X623,47.82782783,93,3,36,5,Regular,Credit Card
AB27O591,47.87487487,108,31,28,11,Regular,Crypto
AB89H159,47.92192192,72,5,35,21,VIP,PayPal
AB55Y756,47.96896897,157,9,49,29,Regular,Bank Transfer
AB62H690,48.01601602,592,35,32,57,Wholesale,Credit Card
AB36N661,48.06306306,438,9,0,48,Regular,Credit Card
AB80C448,48.11011011,486,17,38,42,Regular,PayPal
AB73L792,48.15715716,138,15,35,3,Wholesale,Credit Card
AB33C657,48.2042042,129,6,11,13,Regular,Credit Card
AB24Y833,48.25125125,66,5,44,9,VIP,PayPal
AB87G372,48.2982983,528,19,49,56,Regular,Credit Card
AB93D620,48.34534535,477,4,43,53,Regular,Credit Card
AB47P930,48.39239239,557,3,49,54,Wholesale,PayPal
AB95V600,48.43943944,414,11,46,41,Regular,Cash on Delivery
AB11X683,48.48648649,117,1,41,15,Regular,Bank Transfer
AB20M820,48.53353353,83,6,46,14,Regular,Credit Card
AB81U373,48.58058058,411,12,38,36,VIP,PayPal
AB73R465,48.62762763,69,13,32,7,VIP,Credit Card
AB47K400,48.67467467,435,32,44,46,Regular,Credit Card
AB98A201,48.72172172,127,25,26,13,Regular,Crypto
AB50H878,48.76876877,445,32,49,41,VIP,Credit Card
AB95S187,48.81581582,545,7,31,54,VIP,Credit Card
AB50Q687,48.86286286,454,5,32,48,Regular,Bank Transfer
AB55O691,48.90990991,466,16,46,42,Regular,Bank Transfer
AB63V191,48.95695696,123,31,46,6,VIP,Crypto
AB29A813,49.004004,93,8,46,19,Regular,Bank Transfer
AB49R964,49.05105105,557,14,33,56,Wholesale,Crypto
AB11A900,49.0980981,103,12,32,14,Regular,Credit Card
AB86A688,49.14514515,498,5,45,50,Regular,PayPal
AB35V202,49.19219219,479,28,41,53,Regular,Credit Card
AB75F970,49.23923924,104,2,48,10,Wholesale,Credit Card
AB55R242,49.28628629,72,5,43,10,Regular,Bank Transfer
AB53Q971,49.33333333,147,5,-17,9,Regular,Credit Card
AB84C734,49.38038038,474,29,48,38,Regular,Credit Card
AB15I873,49.42742743,100,20,20,7,VIP,Credit Card
AB82G322,49.47447447,84,36,32,1,Regular,Credit Card
AB41I469,49.52152152,554,2,14,44,Regular,Bank Transfer
AB85H939,49.56856857,102,11,0,11,Regular,PayPal
AB59T417,49.61561562,550,16,47,46,Regular,PayPal
AB16K183,49.66266266,122,18,49,16,Regular,PayPal
AB89D489,49.70970971,105,8,37,17,Regular,PayPal
AB67V509,49.75675676,127,3,39,5,Regular,Crypto
AB12I799,49.8038038,74,1,48,8,VIP,PayPal
AB23K111,49.85085085,500,29,34,59,VIP,Bank Transfer
AB96L636,49.8978979,105,16,46,8,Wholesale,Cash on Delivery
AB54S221,49.94494494,90,15,48,12,Regular,Cash on Delivery
AB28W849,49.99199199,100,2,44,21,VIP,PayPal
AB54H832,50.03903904,133,29,49,4,Regular,Bank Transfer
AB62W387,50.08608609,507,29,46,45,Regular,Credit Card
AB60L693,50.13313313,442,3,45,47,Regular,Bank Transfer
AB79R822,50.18018018,583,30,30,69,Regular,Bank Transfer
AB31E451,50.22722723,429,28,34,39,Regular,Bank Transfer
AB65I158,50.27427427,509,29,44,63,Regular,Bank Transfer
AB12J854,50.32132132,533,32,37,53,Regular,Credit Card
AB44V306,50.36836837,118,17,41,1,Regular,Credit Card
AB16L916,50.41541542,100,19,45,17,Regular,Credit Card
AB94X503,50.46246246,51,27,37,2,Regular,Crypto
AB46D831,50.50950951,93,6,0,11,Regular,Credit Card
AB29X661,50.55655656,400,3,40,31,Regular,Credit Card
AB58S707,50.6036036,80,21,40,4,Regular,PayPal
AB45U965,50.65065065,532,14,38,45,Regular,PayPal
AB75O517,50.6976977,100,19,45,1,Regular,Bank Transfer
AB45F394,50.74474474,98,23,29,10,VIP,PayPal
AB51S470,50.79179179,427,15,48,45,Regular,Crypto
AB67V736,50.83883884,89,3,28,6,Regular,PayPal
AB21C336,50.88588589,131,5,45,5,VIP,Bank Transfer
AB27H120,50.93293293,452,5,48,38,Regular,Credit Card
AB24A966,50.97997998,425,9,0,44,Regular,Credit Card
AB35H199,51.02702703,114,34,45,11,Regular,Bank Transfer
AB96J625,51.07407407,150,2,33,16,Regular,PayPal
AB87B474,51.12112112,117,14,44,19,Regular,PayPal
AB46E652,51.16816817,76,19,38,10,VIP,Credit Card
AB71V927,51.21521522,103,15,46,12,Regular,Credit Card
AB23X330,51.26226226,508,3,47,62,Regular,PayPal
AB98T229,51.30930931,114,31,45,10,Regular,Credit Card
AB79Q990,51.35635636,507,17,40,62,VIP,Credit Card
AB98Y127,51.4034034,516,15,0,58,VIP,Credit Card
AB75C328,51.45045045,573,10,41,55,Regular,PayPal
AB14A523,51.4974975,409,2,5,44,Regular,PayPal
AB85X775,51.54454454,513,6,38,50,Regular,Cash on Delivery
AB54W402,51.59159159,100,3,0,2,Regular,PayPal
AB40K109,51.63863864,490,5,48,48,Regular,Bank Transfer
AB76V369,51.68568569,102,4,49,2,Regular,PayPal
AB89J704,51.73273273,113,14,46,12,Wholesale,PayPal
AB19L961,51.77977978,78,30,48,11,Regular,Credit Card
AB10E375,51.82682683,447,15,42,43,Regular,Credit Card
AB17K612,51.87387387,86,14,,9,Regular,PayPal
AB66V383,51.92092092,116,31,0,12,Regular,Credit Card
AB46O303,51.96796797,87,6,36,12,Regular,Crypto
AB46Q596,52.01501502,490,7,14,49,VIP,PayPal
AB53X255,52.06206206,423,16,28,40,Regular,Bank Transfer
AB88F719,52.10910911,578,28,48,61,Wholesale,Cash on Delivery
AB70T981,52.15615616,623,15,45,63,Regular,Credit Card
AB87B610,52.2032032,507,36,47,40,Regular,Credit Card
AB46T381,52.25025025,82,34,48,6,Regular,PayPal
AB38A218,52.2972973,85,19,42,5,Regular,Credit Card
AB44F584,52.34434434,510,14,41,51,Regular,Credit Card
AB68E260,52.39139139,539,5,47,54,Regular,Bank Transfer
AB60N111,52.43843844,497,13,37,39,Regular,Cash on Delivery
AB29U341,52.48548549,542,30,36,46,Wholesale,Crypto
AB97K225,52.53253253,581,5,49,53,Regular,PayPal
AB98R896,52.57957958,109,15,,11,Regular,Credit Card
AB66G322,52.62662663,475,6,0,52,Regular,PayPal
AB65O526,52.67367367,474,23,42,39,Regular,Credit Card
AB59W527,52.72072072,478,14,45,44,Regular,PayPal
AB47T250,52.76776777,98,32,47,9,Regular,Credit Card
AB54T435,52.81481481,46,33,47,0,Regular,Bank Transfer
AB59J991,52.86186186,64,17,48,6,Regular,Crypto
AB17R440,52.90890891,526,5,33,55,VIP,PayPal
AB10W875,52.95595596,54,20,49,1,VIP,Bank Transfer
AB38F616,53.003003,127,30,46,14,Regular,Credit Card
AB95O901,53.05005005,528,29,,52,Regular,Credit Card
AB74W218,53.0970971,59,37,34,0,VIP,Bank Transfer
AB52J513,53.14414414,395,18,49,38,Regular,Cash on Delivery
AB91Q637,53.19119119,109,16,46,13,Regular,PayPal
AB17O843,53.23823824,570,17,41,64,VIP,Credit Card
AB85H444,53.28528529,491,7,44,57,Regular,Crypto
AB55D900,53.33233233,495,25,46,46,VIP,Credit Card
AB10S386,53.37937938,539,7,46,50,Regular,PayPal
AB89N152,53.42642643,497,7,34,49,Regular,Credit Card
AB57E460,53.47347347,136,27,13,10,Regular,Bank Transfer
AB71B803,53.52052052,72,15,45,13,VIP,Credit Card
AB79I260,53.56756757,117,3,49,12,Regular,Bank Transfer
AB50Y787,53.61461461,528,29,49,53,Regular,Credit Card
AB22I856,53.66166166,70,17,0,10,VIP,Credit Card
AB86I423,53.70870871,554,22,41,56,VIP,Bank Transfer
AB13F118,53.75575576,92,4,34,10,VIP,Credit Card
AB79B693,53.8028028,576,15,38,58,Regular,PayPal
AB22I378,53.84984985,112,20,26,10,VIP,Credit Card
AB92M430,53.8968969,123,14,28,7,Regular,Crypto
AB10X921,53.94394394,477,17,34,56,Regular,Credit Card
AB80Y824,53.99099099,544,17,43,49,Wholesale,Credit Card
AB24A175,54.03803804,80,31,46,16,Regular,PayPal
AB80O927,54.08508509,83,19,42,10,Regular,Credit Card
AB98A404,54.13213213,538,6,43,50,Regular,Credit Card
AB44L201,54.17917918,471,14,40,49,VIP,Crypto
AB20C721,54.22622623,434,2,47,47,Regular,PayPal
AB87J876,54.27327327,96,38,39,18,Regular,Credit Card
AB12U893,54.32032032,535,22,43,46,Regular,PayPal
AB81P549,54.36736737,72,6,40,6,Regular,Bank Transfer
AB79U320,54.41441441,550,5,47,61,VIP,Credit Card
AB35Y111,54.46146146,86,11,44,12,Regular,PayPal
AB14B403,54.50850851,90,16,47,11,Regular,Crypto
AB46O399,54.55555556,510,5,29,58,VIP,Credit Card
AB24K442,54.6026026,88,6,43,7,Regular,Credit Card
AB79N597,54.64964965,456,30,47,33,Regular,Credit Card
AB52M120,54.6966967,86,2,49,6,Regular,Crypto
AB32K435,54.74374374,505,5,38,60,VIP,Credit Card
AB56U223,54.79079079,513,15,47,52,Regular,Bank Transfer
AB24Y903,54.83783784,89,5,,4,Regular,PayPal
AB84S882,54.88488488,57,16,42,12,Regular,Credit Card
AB77U240,54.93193193,499,29,46,54,Regular,PayPal
AB95S901,54.97897898,475,5,39,48,VIP,Cash on Delivery
AB87D472,55.02602603,129,5,46,15,VIP,Credit Card
AB61N638,55.07307307,78,14,32,2,Regular,Credit Card
AB38O255,55.12012012,549,4,46,53,Regular,PayPal
AB44H243,55.16716717,556,15,5,55,VIP,Credit Card
AB45R101,55.21421421,94,16,40,14,Regular,Credit Card
AB58M743,55.26126126,82,39,31,5,Regular,Credit Card
AB98K362,55.30830831,130,22,49,12,VIP,Credit Card
AB83G258,55.35535536,438,32,45,51,Regular,Credit Card
AB80X340,55.4024024,133,6,,25,Regular,Bank Transfer
AB51J135,55.44944945,72,17,39,2,Regular,Cash on Delivery
AB93D985,55.4964965,508,12,,51,VIP,Credit Card
AB16V484,55.54354354,87,6,45,1,Regular,Credit Card
AB53X784,55.59059059,93,12,46,9,VIP,Credit Card
AB56M986,55.63763764,42,37,40,2,Wholesale,Credit Card
AB31V376,55.68468468,545,5,45,60,Wholesale,Credit Card
AB95I125,55.73173173,99,35,46,4,VIP,Credit Card
AB18O109,55.77877878,110,6,47,4,Regular,Bank Transfer
AB97Y736,55.82582583,123,13,44,19,VIP,Credit Card
AB51H251,55.87287287,560,13,47,52,Regular,Credit Card
AB89Q253,55.91991992,442,24,17,45,VIP,Credit Card
AB46D149,55.96696697,119,15,48,13,Regular,Credit Card
AB33S711,56.01401401,127,6,25,8,Regular,Bank Transfer
AB69G301,56.06106106,505,6,44,46,Regular,Credit Card
AB98R775,56.10810811,60,44,45,11,VIP,Cash on Delivery
AB83A538,56.15515516,42,6,47,7,Regular,Credit Card
AB78O660,56.2022022,578,24,39,57,Regular,PayPal
AB42W760,56.24924925,536,15,38,52,VIP,Cash on Delivery
AB90V531,56.2962963,93,36,43,10,Regular,Credit Card
AB46O518,56.34334334,507,13,49,52,Regular,Credit Card
AB80K749,56.39039039,545,3,24,60,Regular,Crypto
AB82N176,56.43743744,104,4,10,10,Regular,Credit Card
AB66Y869,56.48448448,475,15,,49,Regular,PayPal
AB73C362,56.53153153,471,26,40,50,Wholesale,Credit Card
AB94R934,56.57857858,89,2,44,12,Regular,Credit Card
AB51V736,56.62562563,454,12,46,52,Regular,Credit Card
AB48I852,56.67267267,82,5,49,8,Regular,Bank Transfer
AB84G379,56.71971972,85,15,43,5,Wholesale,Credit Card
AB69N630,56.76676677,144,5,32,12,Regular,Credit Card
AB77F653,56.81381381,102,25,49,13,Regular,PayPal
AB41G720,56.86086086,72,7,41,6,Regular,Credit Card
AB45H840,56.90790791,100,18,28,21,VIP,Credit Card
AB45C172,56.95495495,117,29,47,11,VIP,Credit Card
AB17A990,57.002002,452,23,47,40,Regular,Crypto
AB79I807,57.04904905,122,27,35,13,Regular,PayPal
AB22Q927,57.0960961,585,29,47,66,Regular,Credit Card
AB11E527,57.14314314,529,24,47,48,Regular,Credit Card
AB36U875,57.19019019,360,12,45,31,Regular,PayPal
AB81R166,57.23723724,481,4,45,47,Regular,Crypto
AB53C441,57.28428428,541,30,29,50,Regular,Credit Card
AB79B826,57.33133133,99,4,40,3,VIP,Credit Card
AB53B713,57.37837838,82,15,44,0,Regular,Credit Card
AB90C453,57.42542543,435,28,42,44,Regular,PayPal
AB96T363,57.47247247,126,9,19,16,Regular,Cash on Delivery
AB31L541,57.51951952,508,5,48,47,Regular,Credit Card
AB45E944,57.56656657,553,13,47,54,Regular,Credit Card
AB40O410,57.61361361,104,5,17,11,Regular,Credit Card
AB89J545,57.66066066,473,30,,41,VIP,Credit Card
AB39Y154,57.70770771,555,6,48,59,Wholesale,Credit Card
AB25L756,57.75475475,507,31,48,51,VIP,Bank Transfer
AB25L747,57.8018018,437,3,44,46,Regular,Credit Card
AB93C755,57.84884885,533,18,49,56,Wholesale,Crypto
AB39M378,57.8958959,538,15,39,65,Regular,Credit Card
AB14T971,57.94294294,107,3,49,5,Regular,Bank Transfer
AB74Y385,57.98998999,499,24,49,45,Regular,PayPal
AB30T505,58.03703704,134,31,43,21,Regular,Credit Card
AB91H842,58.08408408,60,31,18,9,VIP,Bank Transfer
AB41A883,58.13113113,101,32,44,10,Regular,Credit Card
AB85F599,58.17817818,113,10,45,8,Regular,PayPal
AB23D580,58.22522523,104,4,-11,9,Regular,Bank Transfer
AB32R848,58.27227227,485,17,42,47,VIP,Credit Card
AB75I440,58.31931932,88,37,45,1,VIP,PayPal
AB11Y548,58.36636637,459,10,,50,Regular,Bank Transfer
AB84C279,58.41341341,455,12,47,35,Regular,Cash on Delivery
AB71W765,58.46046046,79,21,42,3,VIP,Crypto
AB77R410,58.50750751,415,7,0,39,Regular,Credit Card
AB15C505,58.55455455,461,31,46,56,Regular,PayPal
AB52O441,58.6016016,549,4,48,54,Regular,Crypto
AB69E343,58.64864865,430,6,46,44,Regular,PayPal
AB21O660,58.6956957,101,29,42,5,Regular,Bank Transfer
AB51F693,58.74274274,461,7,49,50,Regular,Credit Card
AB54C257,58.78978979,584,27,48,73,Regular,Credit Card
AB97J769,58.83683684,545,23,20,56,VIP,PayPal
AB87F166,58.88388388,99,18,42,8,Regular,Cash on Delivery
AB89G625,58.93093093,520,10,49,41,Regular,Credit Card
AB82O504,58.97797798,114,15,38,14,Regular,Cash on Delivery
AB44B958,59.02502503,525,14,49,47,Regular,Bank Transfer
AB11C565,59.07207207,91,11,36,5,Regular,Bank Transfer
AB87T867,59.11911912,123,30,36,16,Wholesale,Bank Transfer
AB19Y892,59.16616617,80,11,39,5,Regular,Bank Transfer
AB63A263,59.21321321,73,1,36,6,Regular,Bank Transfer
AB23A209,59.26026026,100,14,49,13,Regular,PayPal
AB89V337,59.30730731,99,14,37,6,Regular,Credit Card
AB61C582,59.35435435,409,32,48,34,Wholesale,Credit Card
AB50F124,59.4014014,495,19,45,51,Regular,Credit Card
AB22U581,59.44844845,446,26,21,48,VIP,Credit Card
AB17U636,59.4954955,108,5,43,7,Wholesale,Credit Card
AB88D272,59.54254254,425,14,15,39,Regular,Bank Transfer
AB69L899,59.58958959,99,0,49,4,Regular,PayPal
AB22N631,59.63663664,70,4,43,10,Regular,Credit Card
AB27F771,59.68368368,94,33,,18,VIP,Crypto
AB52B159,59.73073073,100,0,40,14,Regular,Credit Card
AB32S386,59.77777778,527,16,49,52,Regular,Credit Card
AB14S877,59.82482482,507,31,48,54,Regular,Bank Transfer
AB98B481,59.87187187,85,16,47,4,Regular,Credit Card
AB20R352,59.91891892,121,30,36,13,VIP,PayPal
AB40X562,59.96596597,537,13,48,48,Regular,Credit Card
AB82W182,60.01301301,512,23,31,50,Regular,PayPal
AB18C248,60.06006006,539,20,48,59,Regular,Bank Transfer
AB82N982,60.10710711,439,29,49,47,Regular,Credit Card
AB16P499,60.15415415,121,5,44,14,Regular,Cash on Delivery
AB13D714,60.2012012,545,3,11,56,Regular,Credit Card
AB49Q200,60.24824825,87,2,48,5,Regular,PayPal
AB61T519,60.2952953,127,24,48,13,Regular,Bank Transfer
AB47G789,60.34234234,116,32,36,15,Regular,Bank Transfer
AB72E727,60.38938939,87,11,46,7,Regular,Credit Card
AB72C618,60.43643644,109,30,37,9,VIP,Credit Card
AB36V625,60.48348348,569,20,47,54,VIP,Crypto
AB80E697,60.53053053,123,5,43,10,Regular,Credit Card
AB14W485,60.57757758,474,3,46,43,Regular,Credit Card
AB71U345,60.62462462,72,7,43,7,VIP,Crypto
AB88U749,60.67167167,100,24,35,8,Regular,PayPal
AB96X522,60.71871872,92,7,35,1,Wholesale,Credit Card
AB14A112,60.76576577,106,31,42,23,Wholesale,Credit Card
AB94R592,60.81281281,522,10,23,47,Regular,Bank Transfer
AB94U437,60.85985986,111,3,46,10,Regular,PayPal
AB54D564,60.90690691,500,16,47,50,Regular,Crypto
AB69K802,60.95395395,100,29,40,7,Regular,Credit Card
AB30T867,61.001001,513,4,40,50,Wholesale,Credit Card
AB64U893,61.04804805,113,5,49,7,Wholesale,Credit Card
AB77B663,61.0950951,129,24,40,16,Regular,PayPal
AB91H326,61.14214214,454,23,45,45,Regular,Credit Card
AB61F653,61.18918919,537,30,36,57,Regular,PayPal
AB30J496,61.23623624,537,15,33,61,Regular,Crypto
AB73Q219,61.28328328,105,30,41,9,Regular,Crypto
AB18I228,61.33033033,99,7,49,13,Wholesale,Credit Card
AB11P128,61.37737738,114,23,39,19,Regular,Crypto
AB19R925,61.42442442,539,8,36,53,Regular,PayPal
AB69H888,61.47147147,90,32,47,12,Regular,Credit Card
AB37K858,61.51851852,549,4,43,52,Regular,Credit Card
AB43H825,61.56556557,591,30,16,65,Regular,PayPal
AB81Q178,61.61261261,438,1,46,41,Regular,Credit Card
AB26W955,61.65965966,76,20,47,11,Regular,Credit Card
AB54S680,61.70670671,513,34,47,56,VIP,Credit Card
AB41L548,61.75375375,503,4,41,44,Regular,Credit Card
AB96E107,61.8008008,535,30,20,50,Regular,Cash on Delivery
AB86H604,61.84784785,123,6,40,8,VIP,Crypto
AB96K484,61.89489489,105,36,46,15,VIP,PayPal
AB60X582,61.94194194,475,20,39,41,Regular,Bank Transfer
AB33Q744,61.98898899,96,15,40,11,Regular,PayPal
AB29U331,62.03603604,437,6,40,47,VIP,Crypto
AB67N327,62.08308308,108,7,48,11,Regular,Credit Card
AB20T498,62.13013013,82,26,39,14,Regular,PayPal
AB92G598,62.17717718,434,24,44,33,Regular,Credit Card
AB37S590,62.22422422,108,25,0,13,Regular,Credit Card
AB67E872,62.27127127,535,6,42,52,Regular,Credit Card
AB17J649,62.31831832,555,30,4,47,Regular,Credit Card
AB90H867,62.36536537,82,24,45,2,VIP,Credit Card
AB34I562,62.41241241,83,16,16,16,VIP,Credit Card
AB59C660,62.45945946,465,10,48,49,Wholesale,Bank Transfer
AB45D689,62.50650651,108,26,36,14,Regular,Credit Card
AB50Y477,62.55355355,71,17,48,11,Regular,Bank Transfer
AB71R877,62.6006006,79,23,46,1,VIP,PayPal
AB30D751,62.64764765,110,16,41,12,Regular,PayPal
AB11V880,62.69469469,514,29,41,56,Regular,Credit Card
AB62P387,62.74174174,116,14,35,9,Regular,Bank Transfer
AB41B622,62.78878879,88,4,,15,Regular,Credit Card
AB19O372,62.83583584,112,36,40,8,Regular,PayPal
AB49R282,62.88288288,71,29,25,7,Regular,PayPal
AB82Y587,62.92992993,507,25,43,52,Wholesale,Credit Card
AB68N223,62.97697698,423,32,47,46,Regular,Credit Card
AB98R889,63.02402402,75,14,48,6,Wholesale,Credit Card
AB39T824,63.07107107,437,13,44,48,VIP,Bank Transfer
AB53S785,63.11811812,127,19,0,14,Regular,Bank Transfer
AB30C221,63.16516517,466,26,49,38,VIP,Bank Transfer
AB41W138,63.21221221,126,24,48,21,Regular,Credit Card
AB21I629,63.25925926,130,0,48,8,Regular,Credit Card
AB30M760,63.30630631,102,10,41,19,Regular,Credit Card
AB17N459,63.35335335,442,12,47,43,Regular,Bank Transfer
AB16W335,63.4004004,466,3,48,44,Regular,Credit Card
AB84V761,63.44744745,69,5,41,8,Regular,Credit Card
AB98V959,63.49449449,471,32,35,43,Regular,Bank Transfer
AB38M565,63.54154154,82,16,45,-1,Regular,PayPal
AB11U562,63.58858859,121,15,41,11,Regular,PayPal
AB61R706,63.63563564,118,3,48,13,Regular,Credit Card
AB88S506,63.68268268,101,13,22,17,Regular,Credit Card
AB97L560,63.72972973,480,12,45,42,VIP,Bank Transfer
AB31K520,63.77677678,529,22,-9,55,Regular,PayPal
AB70A795,63.82382382,123,6,11,11,VIP,Credit Card
AB12V118,63.87087087,474,28,,47,Regular,Credit Card
AB32G207,63.91791792,541,4,49,58,Regular,Credit Card
AB34E210,63.96496496,535,9,42,50,Regular,PayPal
AB17J285,64.01201201,117,26,49,12,Regular,Credit Card
AB25H228,64.05905906,112,6,27,16,Wholesale,PayPal
AB14C548,64.10610611,118,18,34,16,Regular,PayPal
AB13H582,64.15315315,482,36,14,42,Regular,Crypto
AB73J965,64.2002002,470,4,40,43,Regular,Credit Card
AB98J504,64.24724725,57,31,42,4,Regular,Crypto
AB55G830,64.29429429,93,8,42,13,VIP,PayPal
AB36B211,64.34134134,127,29,45,11,Regular,Credit Card
AB22I599,64.38838839,136,33,43,14,VIP,Cash on Delivery
AB45V333,64.43543544,506,16,39,56,Regular,Credit Card
AB67V111,64.48248248,523,1,22,50,Regular,PayPal
AB90N113,64.52952953,97,5,40,17,Regular,Credit Card
AB43U476,64.57657658,483,13,30,40,Regular,PayPal
AB29K854,64.62362362,529,12,30,50,VIP,PayPal
AB79X310,64.67067067,502,30,42,43,Regular,Credit Card
AB67D722,64.71771772,93,16,,9,Regular,PayPal
AB13T635,64.76476476,115,16,39,15,Wholesale,PayPal
AB35E841,64.81181181,502,30,,49,Regular,Crypto
AB94V970,64.85885886,512,32,49,48,Regular,Credit Card
AB30J137,64.90590591,83,9,0,1,Regular,Credit Card
AB55D287,64.95295295,42,10,-1,12,Regular,PayPal
AB66M119,65,533,10,49,53,Regular,Credit Card
